â€î‘çÜ,ìÆéåî‘çÜÇP,ìÆéåî‘çÜÇQ,ìÆéåî‘çÜÇR,ìÆéåî‘çÜÇS,ìÆéåî‘çÜÇT,ìÆéåî‘çÜÇU,ìÆéåî‘çÜÇV,ìÆéåî‘çÜÇW,ìÆéåî‘çÜÇX,ìÆéåî‘çÜÇPÇO,ìÆéåî‘çÜÇPÇP,ìÆéåî‘çÜÇPÇQ,ìÆéåî‘çÜÇPÇR,ìÆéåî‘çÜÇPÇS,ìÆéåî‘çÜÇPÇT,ìÆéåî‘çÜÇPÇU,ìÆéåî‘çÜÇPÇV
117,69,67,157,136,,,,,,,,,,,,,
118,3,5,113,4,,,,,,,,,,,,,
119,39,107,,,,,,,,,,,,,,,
120,158,100,17,18,,,,,,,,,,,,,
121,10,19,,,,,,,,,,,,,,,
122,6,,,,,,,,,,,,,,,,
123,163,14,,,,,,,,,,,,,,,
124,7,45,8,,,,,,,,,,,,,,
125,37,,,,,,,,,,,,,,,,
126,23,13,,,,,,,,,,,,,,,
127,26,,,,,,,,,,,,,,,,
128,164,162,27,122,20,,,,,,,,,,,,
131,29,101,,,,,,,,,,,,,,,
135,165,51,,,,,,,,,,,,,,,
136,32,30,,,,,,,,,,,,,,,
139,161,155,,,,,,,,,,,,,,,
141,59,166,167,105,61,,,,,,,,,,,,
142,15,12,,,,,,,,,,,,,,,
143,68,72,53,21,,,,,,,,,,,,,
144,58,50,65,,,,,,,,,,,,,,
145,40,56,159,77,,,,,,,,,,,,,
148,16,110,,,,,,,,,,,,,,,
149,160,,,,,,,,,,,,,,,,
,,,,,,,,,,,,,,,,,
202,1,2,3,,,,,,,,,,,,,,
203,4,5,,,,,,,,,,,,,,,
204,6,7,8,9,10,,,,,,,,,,,,
205,11,,,,,,,,,,,,,,,,
206,12,,,,,,,,,,,,,,,,
207,13,,,,,,,,,,,,,,,,
208,14,,,,,,,,,,,,,,,,
209,15,,,,,,,,,,,,,,,,
210,16,,,,,,,,,,,,,,,,
211,17,,,,,,,,,,,,,,,,
212,18,,,,,,,,,,,,,,,,
213,19,,,,,,,,,,,,,,,,
214,20,,,,,,,,,,,,,,,,
215,21,,,,,,,,,,,,,,,,
216,22,,,,,,,,,,,,,,,,
217,23,,,,,,,,,,,,,,,,
218,24,,,,,,,,,,,,,,,,
219,25,,,,,,,,,,,,,,,,
220,26,,,,,,,,,,,,,,,,
221,27,,,,,,,,,,,,,,,,
222,28,,,,,,,,,,,,,,,,
223,29,,,,,,,,,,,,,,,,
224,30,,,,,,,,,,,,,,,,
226,31,,,,,,,,,,,,,,,,
227,32,,,,,,,,,,,,,,,,
228,33,,,,,,,,,,,,,,,,
229,34,,,,,,,,,,,,,,,,
230,35,,,,,,,,,,,,,,,,
231,36,,,,,,,,,,,,,,,,
232,37,,,,,,,,,,,,,,,,
233,38,39,40,41,42,43,,,,,,,,,,,
,,,,,,,,,,,,,,,,,
301,1,2,3,,,,,,,,,,,,,,
305,4,5,,,,,,,,,,,,,,,
306,6,7,8,9,10,,,,,,,,,,,,
307,11,,,,,,,,,,,,,,,,
308,12,,,,,,,,,,,,,,,,
309,13,,,,,,,,,,,,,,,,
310,14,,,,,,,,,,,,,,,,
311,15,,,,,,,,,,,,,,,,
312,16,,,,,,,,,,,,,,,,
313,17,18,19,20,21,22,23,,,,,,,,,,
,,,,,,,,,,,,,,,,,
410,1,2,3,,,,,,,,,,,,,,
411,4,5,,,,,,,,,,,,,,,
412,6,7,8,9,10,,,,,,,,,,,,
413,11,,,,,,,,,,,,,,,,
414,12,,,,,,,,,,,,,,,,
415,13,,,,,,,,,,,,,,,,
416,14,,,,,,,,,,,,,,,,
417,15,,,,,,,,,,,,,,,,
418,16,,,,,,,,,,,,,,,,
421,17,,,,,,,,,,,,,,,,
422,18,,,,,,,,,,,,,,,,
425,19,,,,,,,,,,,,,,,,
431,20,,,,,,,,,,,,,,,,
432,21,,,,,,,,,,,,,,,,
433,22,,,,,,,,,,,,,,,,
434,23,,,,,,,,,,,,,,,,
435,24,25,26,27,,,,,,,,,,,,,
,,,,,,,,,,,,,,,,,
504,0,1,2,3,4,5,,,,,,,,,,,
505,6,7,8,,,,,,,,,,,,,,
506,9,10,11,12,13,14,15,16,17,18,19,,,,,,
507,20,21,22,23,24,25,26,27,28,,,,,,,,
509,29,30,,,,,,,,,,,,,,,
510,31,32,,,,,,,,,,,,,,,
511,33,34,35,36,,,,,,,,,,,,,
513,37,38,39,40,41,42,43,44,45,46,47,,,,,,
514,48,49,50,51,52,53,54,55,56,57,58,59,60,61,62,63,64
515,65,66,67,68,69,70,71,72,73,74,,,,,,,
516,75,76,77,78,79,80,81,82,83,84,,,,,,,
517,85,86,87,88,89,90,91,92,93,94,95,96,97,98,99,,
518,100,101,102,103,104,105,106,107,108,109,,,,,,,
519,110,111,112,113,114,115,,,,,,,,,,,
520,116,117,118,119,120,,,,,,,,,,,,
521,121,122,123,124,125,126,127,,,,,,,,,,
522,128,129,130,131,132,,,,,,,,,,,,
523,133,134,135,136,137,138,139,140,141,142,143,,,,,,
524,144,145,146,147,148,149,150,151,,,,,,,,,
525,152,153,154,155,156,,,,,,,,,,,,
